Doctor ID,Doctor Name,Consultation,Laboratory,Radiology,Medications,Services,In-patients,Cash,Credit
90121,Duaa Ahmed F Mohammed,0,231.2,0,0,0,0,231.2,0
90263,Alaa Osamah Ahmad Omar,25180.8,33250.75,1442.58,38101.18,26102.96,0,19660.29,104417.98
90369,Mohammad Saqer Mohammad Alenazi,7619.3,0,350,370.96,18416.82,0,5682.88,21074.2
90374,Krishna Krishnankutty Syamala,0,0,0,0,16.1,0,16.1,0
1168,Alaaeldin Mahmoud S Heegazy,0,0,3264.7,0,0,0,3264.7,0
90310,Rayan Esam Alddin Jafar Ibraheem,0,0,0,0,16.1,0,16.1,0
111003,Ali Mahmoud A Elbestawy,0,0,0,0,0,0,0,0
90337,Mohammad Dakilallah Mohammad Almaleki,7777.8,16906.5,0,8417.07,823.43,0,3178.27,30746.53
90119,Sara Ballah Ahmed Atbra,48639.8,98750.13,49789.03,32140.89,11041.55,0,40356.03,200005.37
90159,Alanood Ghazi Awat Alotaibi,0,1464.1,0,0,0,0,1464.1,0
111145,Abdulaziz Najeeb A Alkadi,16810.7,0,0,1669.16,26394.32,0,8197.41,36676.77
111007,Ahmed Abdul Rahim A Yahya,23590.1,34577.11,4554.99,33706.22,22854.43,0,21743.3,97539.55
903211,Aurene Gilhang,0,0,0,0,112.7,0,112.7,0
90314,Samah Abdulmunem Mohammad Kher Moham,32868.5,60618.2,5801.95,42761.41,29530.36,0,17646.51,153933.91
1178,Abdulrahim Mohammed A Abdul Baqi,20462.15,30676.84,3123.68,35589.24,24726.64,0,16005.29,98573.26
90264,Noha Mohammad Ameen Kheder,2453.4,12056.87,3358,1737.69,1960.73,0,4145.55,17421.14
90349,Nebras Elwaseila Makki Ahmad,30969.14,168940.36,25538.7,44413.73,15913.15,0,26042.94,259732.14
111074,Moustafa Hamed Afifi,17611,66696.82,3107.35,17225.73,2914.06,0,12888.48,94666.48
90365,Samer Ibraheem Abdulwahed Aref,4656,4941.86,1051.49,7595.22,1294.31,0,1939.06,17599.82
111073,Dania Ibrahim T Othman,28359,32249.65,4346.15,37964.95,30401.98,0,25555.66,107766.07
90350,Mohammad Emad Abdulqader Hassan,18613.7,25015.5,27979.88,14627.54,3850.42,0,10900.43,79186.61
1111,Shaimaa Abbas Mohammed Oraby,54475,48326.14,6141.35,99617.94,68439.36,0,28402.81,248596.98
90348,Mohammad Hassan Mohammad Noor,4056.6,0,279.52,1465.16,28080.59,0,8358.83,25523.04
90129,Afrah Alalm Ahmad Mohammad,39958.92,37899.35,4996.2,25379.54,46261.76,0,22089.72,132406.05
1045,Abdulbari Mahfuodh O Aldaba,30663.75,52632.29,1802.52,43006.41,23677.69,0,27155.28,124627.38
90318,Razan Ahmad Bahees Faqeihi,0,641,0,0,0,0,641,0
111121,Samar Mobarak M Alshareef,0,1442.4,0,0,400,0,1842.4,0
90389,Rahina Manikunnath,0,0,0,0,72.1,0,72.1,0
